{
  "Costs": {
    "Variable operating ($)": [
      216672.818,
      216672.818
    ],
    "Transportation ($)": [
      714499.27483131,
      714499.27483131
    ],
    "Disposal ($)": [
      -20.0,
      -20.0
    ],
    "Total ($)": [
      935782.09283131,
      935396.86883131
    ],
    "Fixed operating ($)": [
      130.0,
      130.0
    ],
    "Opening ($)": [
      4500.0,
      0.0
    ],
    "Expansion ($)": [
      0.0,
      4114.776
    ]
  },
  "Plants": {
    "F3": {
      "L5": {
        "Output": {
          "Send": {},
          "Dispose": {}
        },
        "Total input (tonne)": [
          757.3824000000001,
          757.3824000000001
        ],
        "Total output": {},
        "Expansion cost ($)": [
          0.0,
          0.0
        ],
        "Capacity (tonne)": [
          15000.0,
          15000.0
        ],
        "Fixed operating cost ($)": [
          0.0,
          0.0
        ],
        "Longitude (deg)": 100.0,
        "Latitude (deg)": 100.0,
        "Opening cost ($)": [
          0.0,
          0.0
        ],
        "Input": {
          "F2": {
            "L4": {
              "Distance (km)": 8811.73,
              "Amount (tonne)": [
                757.3824000000001,
                757.3824000000001
              ],
              "Transportation cost ($)": [
                116792.36127216002,
                116792.36127216002
              ],
              "Longitude (deg)": 0.2,
              "Variable operating cost ($)": [
                -11360.736,
                -11360.736
              ],
              "Latitude (deg)": 0.75
            }
          }
        }
      }
    },
    "F1": {
      "L1": {
        "Output": {
          "Send": {
            "P2": {
              "F2": {
                "L4": {
                  "Distance (km)": 85.87,
                  "Amount (tonne)": [
                    199.0,
                    199.0
                  ],
                  "Longitude (deg)": 0.2,
                  "Latitude (deg)": 0.75
                }
              }
            },
            "P3": {
              "F4": {
                "L6": {
                  "Distance (km)": 6893.41,
                  "Amount (tonne)": [
                    499.0,
                    499.0
                  ],
                  "Longitude (deg)": 50.0,
                  "Latitude (deg)": 50.0
                }
              }
            }
          },
          "Dispose": {
            "P2": {
              "Amount (tonne)": [
                1.0,
                1.0
              ],
              "Cost ($)": [
                -10.0,
                -10.0
              ]
            },
            "P3": {
              "Amount (tonne)": [
                1.0,
                1.0
              ],
              "Cost ($)": [
                -10.0,
                -10.0
              ]
            }
          }
        },
        "Total input (tonne)": [
          1000.0,
          1000.0
        ],
        "Total output": {
          "P2": [
            200.0,
            200.0
          ],
          "P3": [
            500.0,
            500.0
          ]
        },
        "Expansion cost ($)": [
          0.0,
          750.0
        ],
        "Capacity (tonne)": [
          1000.0,
          1000.0
        ],
        "Fixed operating cost ($)": [
          30.0,
          30.0
        ],
        "Longitude (deg)": 0.0,
        "Latitude (deg)": 0.0,
        "Opening cost ($)": [
          500.0,
          0.0
        ],
        "Input": {
          "Origin": {
            "C3": {
              "Distance (km)": 8889.75,
              "Amount (tonne)": [
                212.97000000000003,
                212.97000000000003
              ],
              "Transportation cost ($)": [
                28398.750862500005,
                28398.750862500005
              ],
              "Longitude (deg)": 76.0,
              "Variable operating cost ($)": [
                6389.1,
                6389.1
              ],
              "Latitude (deg)": 84.0
            },
            "C7": {
              "Distance (km)": 8526.39,
              "Amount (tonne)": [
                246.62,
                246.62
              ],
              "Transportation cost ($)": [
                31541.674527,
                31541.674527
              ],
              "Longitude (deg)": 83.0,
              "Variable operating cost ($)": [
                7398.6,
                7398.6
              ],
              "Latitude (deg)": 30.0
            },
            "C5": {
              "Distance (km)": 9148.52,
              "Amount (tonne)": [
                510.3299999999999,
                510.3299999999999
              ],
              "Transportation cost ($)": [
                70031.46317399999,
                70031.46317399999
              ],
              "Longitude (deg)": 92.0,
              "Variable operating cost ($)": [
                15309.899999999998,
                15309.899999999998
              ],
              "Latitude (deg)": 32.0
            },
            "C9": {
              "Distance (km)": 8201.21,
              "Amount (tonne)": [
                30.08,
                30.08
              ],
              "Transportation cost ($)": [
                3700.385951999999,
                3700.385951999999
              ],
              "Longitude (deg)": 52.0,
              "Variable operating cost ($)": [
                902.4,
                902.4
              ],
              "Latitude (deg)": 74.0
            }
          }
        }
      },
      "L2": {
        "Output": {
          "Send": {
            "P2": {
              "F2": {
                "L4": {
                  "Distance (km)": 43.35,
                  "Amount (tonne)": [
                    747.728,
                    747.728
                  ],
                  "Longitude (deg)": 0.2,
                  "Latitude (deg)": 0.75
                }
              }
            },
            "P3": {
              "F4": {
                "L6": {
                  "Distance (km)": 6828.89,
                  "Amount (tonne)": [
                    1869.32,
                    1869.32
                  ],
                  "Longitude (deg)": 50.0,
                  "Latitude (deg)": 50.0
                }
              }
            }
          },
          "Dispose": {}
        },
        "Total input (tonne)": [
          3738.64,
          3738.64
        ],
        "Total output": {
          "P2": [
            747.728,
            747.728
          ],
          "P3": [
            1869.32,
            1869.32
          ]
        },
        "Expansion cost ($)": [
          0.0,
          3364.7759999999994
        ],
        "Capacity (tonne)": [
          3738.6399999999994,
          3738.6399999999994
        ],
        "Fixed operating cost ($)": [
          50.0,
          50.0
        ],
        "Longitude (deg)": 0.5,
        "Latitude (deg)": 0.5,
        "Opening cost ($)": [
          999.9999999999999,
          0.0
        ],
        "Input": {
          "Origin": {
            "C1": {
              "Distance (km)": 1017.44,
              "Amount (tonne)": [
                934.56,
                934.56
              ],
              "Transportation cost ($)": [
                14262.880895999999,
                14262.880895999999
              ],
              "Longitude (deg)": 7.0,
              "Variable operating cost ($)": [
                46728.0,
                46728.0
              ],
              "Latitude (deg)": 7.0
            },
            "C2": {
              "Distance (km)": 2165.47,
              "Amount (tonne)": [
                198.95,
                198.95
              ],
              "Transportation cost ($)": [
                6462.303847499999,
                6462.303847499999
              ],
              "Longitude (deg)": 19.0,